date,ticker,open,high,low,close,volume
2024-01-02,AAPL,184.038,186.4009,183.342,185.8456,24139605
2024-01-03,AAPL,185.9644,186.1995,182.203,182.2155,13946848
2024-01-04,AAPL,183.0167,183.5836,179.8358,179.884,43229364
2024-01-05,AAPL,179.1111,181.4107,178.4211,181.1454,-83162353
2024-01-08,AAPL,181.1002,183.6663,180.6068,183.5323,11452400
2024-01-09,AAPL,183.1393,183.3978,182.7161,183.1069,97216312
2024-01-10,AAPL,183.4848,184.4262,181.9162,184.1106,39831052
2024-01-11,AAPL,183.3615,183.8152,181.8646,182.696,96913424
2024-01-12,AAPL,181.9285,182.9863,181.4531,182.3837,94329079
2024-01-15,AAPL,181.7768,184.039,181.6917,183.8697,46529432
2024-01-16,AAPL,184.6708,184.8353,183.9735,184.4728,81465415
2024-01-17,AAPL,185.0551,186.3481,184.8192,185.2728,5699415
2024-01-18,AAPL,184.681,184.8849,182.8577,,46763289
2024-01-19,AAPL,182.4177,182.2979,186.884,186.6376,68498281
2024-01-22,AAPL,187.3013,188.871,187.041,188.2788,38012424
2024-01-23,AAPL,188.0987,191.6626,187.2452,190.7018,46488151
2024-01-24,AAPL,191.1759,191.2845,187.545,188.0717,16996669
2024-01-25,AAPL,188.66,188.8927,188.1753,188.519,57918054
2024-01-26,AAPL,188.1768,188.4646,185.7454,186.6472,71193225
2024-01-29,AAPL,186.6588,187.0178,184.9996,185.333,48878336
2024-01-30,AAPL,185.2417,187.4966,185.1826,187.1828,39372197
2024-01-31,AAPL,185.9448,186.6915,182.8203,183.1196,52031237
2024-02-01,AAPL,184.3092,184.5702,181.5407,182.0809,71472177
2024-02-02,AAPL,181.8939,182.5858,179.2841,179.531,17119800
2024-02-05,AAPL,179.921,180.0917,174.4527,174.8794,48298747
2024-02-06,AAPL,174.9425,175.3128,170.9233,171.0861,34323384
2024-02-07,AAPL,170.8813,175.8972,170.7587,175.1967,64594339
2024-02-08,AAPL,176.3874,176.9726,175.5248,175.7749,69381779
2024-02-09,AAPL,175.2126,175.8641,172.3665,172.6405,14823281
2024-02-12,AAPL,173.1888,173.3423,168.0598,169.0755,44724716
2024-02-13,AAPL,169.784,171.221,167.8134,169.8706,50818826
2024-02-14,AAPL,169.0301,172.3752,168.8482,170.9265,95608421
2024-02-15,AAPL,170.4034,170.4997,169.1328,169.8616,36499054
2024-02-16,AAPL,169.7269,170.9654,168.589,170.2617,68268943
2024-02-19,AAPL,171.7668,171.8555,169.4551,170.1244,68862808
2024-02-20,AAPL,169.1164,169.7732,168.3567,168.8502,56946312
2024-02-21,AAPL,169.5581,170.168,166.1407,166.7699,40237616
2024-02-22,AAPL,166.6393,167.76,166.2025,167.7328,22166689
2024-02-23,AAPL,166.705,167.5624,166.4723,166.5881,20637742
2024-02-26,AAPL,166.7214,170.613,166.5309,170.534,49606803
2024-02-27,AAPL,170.1836,171.8498,169.8911,171.0952,35013259
2024-02-28,AAPL,171.2519,175.8746,170.3156,175.0366,8031549
2024-02-29,AAPL,174.8795,179.8304,173.8562,179.5621,16662003
2024-03-01,AAPL,178.7588,179.2209,176.297,176.5804,52434163
2024-03-04,AAPL,176.8784,177.8726,176.0835,176.1475,52570412
2024-03-05,AAPL,174.3418,177.8832,173.7477,177.8489,77787871
2024-03-06,AAPL,177.5518,178.2033,174.5626,175.5062,60206077
2024-03-07,AAPL,175.0813,175.8169,174.3774,175.5869,53295395
2024-03-08,AAPL,175.4512,179.5981,175.294,179.1093,67972100
2024-03-11,AAPL,179.2674,180.5377,179.2026,179.7608,76138495
2024-03-12,AAPL,181.4477,187.1625,181.2411,186.549,44815860
2024-03-13,AAPL,185.998,186.2335,181.5541,182.4539,32353516
2024-03-14,AAPL,-180.495,180.7823,179.7196,180.6636,83795718
2024-03-15,AAPL,179.8715,179.9397,177.9586,179.2289,31037263
2024-03-18,AAPL,178.0752,185.7395,176.7582,184.9532,48120203
2024-03-19,AAPL,183.8698,193.2852,183.6171,193.0127,23268626
2024-03-20,AAPL,192.776,193.3762,189.8199,190.1556,83343098
2024-03-21,AAPL,190.0284,191.0741,188.9015,,72358436
2024-03-22,AAPL,188.5577,190.0978,187.7917,189.7412,10262563
2024-03-25,AAPL,190.0749,190.2239,190.0748,190.1835,80301868
2024-01-02,MSFT,374.8176,379.92,372.4576,376.7803,85857504
2024-01-03,MSFT,375.3428,380.6375,373.5476,378.961,15140492
2024-01-04,MSFT,375.6553,383.0962,374.9665,381.6903,9936377
2024-01-05,MSFT,380.7904,381.1931,375.2526,375.3327,63546988
2024-01-08,MSFT,374.8598,375.0889,372.5409,374.7501,79004653
2024-01-09,MSFT,374.3063,374.5709,359.8785,360.3222,10807648
2024-01-10,MSFT,360.9131,363.4028,348.6167,350.8274,18277999
2024-01-11,MSFT,350.2512,355.4593,348.7736,355.3733,27367385
2024-01-12,MSFT,356.4086,364.7657,354.7349,362.3033,33203265
2024-01-15,MSFT,365.4624,366.0986,363.4896,364.6895,57538605
2024-01-16,MSFT,363.4178,366.4971,361.6989,365.0535,55608616
2024-01-17,MSFT,-364.7056,371.0478,363.6091,369.3375,64077828
2024-01-18,MSFT,366.4345,373.485,364.703,373.3861,73942984
2024-01-19,MSFT,376.2074,377.1596,369.4394,370.4833,93480285
2024-01-22,MSFT,368.2297,371.6601,367.7673,370.6655,94872570
2024-01-23,MSFT,371.7937,380.4862,371.3424,377.089,74136131
2024-01-24,MSFT,380.1363,383.2484,378.5385,379.4301,77572722
2024-01-25,MSFT,376.4296,385.0333,375.8705,382.7932,74237029
2024-01-26,MSFT,384.3507,385.9867,379.1583,379.5149,44767788
2024-01-29,MSFT,380.0279,382.1599,379.8039,380.8493,34736621
2024-01-30,MSFT,382.7532,384.6521,382.5628,383.0395,19973106
2024-01-31,,381.6154,392.8112,381.3054,391.5514,63204200
2024-02-01,MSFT,394.1531,395.4951,390.3,391.6185,50540108
2024-02-02,MSFT,396.1762,396.4976,391.735,394.8735,50426350
2024-02-05,MSFT,395.0865,397.1549,389.6317,392.1625,60884509
2024-02-06,MSFT,389.0227,390.2684,384.1101,384.7998,53977673
2024-02-07,MSFT,382.0816,389.9501,381.9979,386.3944,92251980
2024-02-08,MSFT,387.2819,388.3669,383.4464,383.66,64214912
2024-02-09,MSFT,384.6769,386.0605,384.4012,384.9791,13591869
2024-02-12,MSFT,386.5586,387.1649,385.3129,386.1154,91396470
2024-02-13,MSFT,387.7169,390.7951,383.4323,385.4347,8435457
2024-02-14,MSFT,380.9374,381.9831,375.71,376.8654,96978640
2024-02-15,MSFT,378.9178,380.9193,377.8793,377.9835,93140565
2024-02-16,MSFT,378.1576,386.9241,377.2589,385.658,82266205
2024-02-19,MSFT,384.9676,386.2073,377.8657,380.5203,74789003
2024-02-20,MSFT,381.2676,382.8514,371.9085,372.631,25817895
2024-02-21,MSFT,374.3606,375.2624,361.6015,362.3972,88993842
2024-02-22,MSFT,361.2117,361.832,356.3078,356.5821,87905693
2024-02-23,MSFT,358.9367,359.4257,356.4115,358.5179,59379249
2024-02-26,MSFT,357.9237,365.8556,357.3739,364.2572,48857553
2024-02-27,MSFT,367.8106,370.8368,366.0618,366.1629,53293510
15-03-2024,MSFT,368.1333,369.3719,366.5549,367.0427,43074475
2024-02-29,MSFT,365.5133,371.1047,362.4698,368.771,65289766
2024-03-01,MSFT,367.9252,368.3577,359.7325,362.5901,19052822
2024-03-04,MSFT,363.2205,363.8109,356.945,357.3574,26431322
2024-03-05,MSFT,358.4638,358.9487,356.8301,358.3508,23712442
2024-03-06,MSFT,363.0052,363.325,356.3305,358.3849,45984728
2024-03-07,MSFT,359.4256,359.507,358.6326,358.8769,30532625
2024-03-08,MSFT,357.3489,362.1487,355.791,361.1933,80987689
2024-03-11,MSFT,360.6763,363.835,360.2304,363.1791,74423911
2024-03-12,MSFT,362.5697,365.4618,351.0303,353.2022,34819870
2024-03-13,MSFT,354.7831,352.6603,361.4445,360.428,53289468
2024-03-14,MSFT,364.7899,365.4169,356.6829,357.4896,39667339
2024-03-15,MSFT,354.6995,360.4087,354.5572,359.9835,36694695
2024-03-18,MSFT,360.6039,365.216,359.6127,-364.2537,6019126
2024-03-19,MSFT,367.2204,370.5727,365.927,369.1592,81154899
2024-03-20,MSFT,371.7503,372.4038,365.9511,368.0996,99080558
2024-03-21,MSFT,368.5749,371.1295,368.0422,368.8256,34102727
2024-03-22,MSFT,369.6598,371.9698,365.4035,366.344,22188031
2024-03-25,MSFT,368.4465,362.2307,371.955,363.3834,30542896
2024-01-02,GOOGL,140.1734,140.2737,138.123,138.2649,28148408
2024-01-03,GOOGL,138.4055,138.9633,137.5438,137.9348,88712649
2024-01-04,GOOGL,138.3186,138.895,137.1958,138.7314,37153365
2024-01-05,GOOGL,138.5184,138.9683,137.9456,138.5502,41500705
2024-01-08,GOOGL,138.5012,138.6865,136.6747,136.703,37356125
2024-01-09,GOOGL,-137.3183,137.7226,135.046,135.1333,62756218
2024-01-10,GOOGL,135.2603,137.0277,135.2235,136.2449,93108743
2024-01-11,GOOGL,135.632,136.8839,134.8392,136.7805,81262451
2024-01-12,GOOGL,136.6078,139.5397,135.2892,139.3409,63933982
2024-01-15,GOOGL,139.1362,139.7338,136.5258,136.924,53176066
2024-01-16,GOOGL,136.3506,136.4796,133.625,134.5074,74579282
2024-01-17,GOOGL,134.6749,135.6548,131.1524,132.0411,33288837
2024-01-18,GOOGL,131.6974,132.1266,131.0745,131.2021,8889961
2024-01-19,GOOGL,131.5402,131.8433,127.0401,127.7089,26083168
2024-01-22,GOOGL,128.0545,128.4442,126.2605,126.4894,57768862
2024-01-23,GOOGL,126.8297,127.353,123.1722,123.2912,77455702
2024-01-24,GOOGL,122.794,124.7492,122.442,124.1167,72759528
2024-01-25,GOOGL,123.7356,125.287,123.5169,124.5665,47156275
2024-01-26,GOOGL,124.1806,125.3038,123.9148,125.069,5427511
2024-01-29,GOOGL,125.9211,126.4417,123.0897,124.2968,54798332
2024-01-30,GOOGL,124.0449,130.0128,123.8905,,38062985
2024-01-31,GOOGL,128.9273,129.502,128.1966,128.4958,69126241
2024-02-01,GOOGL,128.945,130.0001,125.527,125.6154,-37483059
2024-02-02,GOOGL,125.5262,125.8354,124.1102,124.9798,10727594
2024-02-05,GOOGL,126.1345,126.2216,123.414,124.2478,42275063
2024-02-06,GOOGL,124.6127,124.7714,121.7589,122.1908,96498702
2024-02-07,GOOGL,121.9929,125.2401,121.9844,124.4131,65281325
2024-02-08,GOOGL,124.2002,124.2408,121.8802,122.729,58244602
2024-02-09,GOOGL,122.4083,124.8756,122.023,123.6165,35907559
2024-02-12,GOOGL,123.1753,124.7727,122.762,124.1215,21851846
2024-02-13,GOOGL,124.3823,128.75,124.2994,128.5575,19766948
2024-02-14,GOOGL,128.9593,130.7762,128.6912,130.1326,29287943
2024-02-15,GOOGL,129.8493,130.0987,128.7433,129.1549,82390652
2024-02-16,GOOGL,128.8586,132.2772,128.6964,132.0578,93792101
2024-02-19,GOOGL,130.5709,134.3803,130.1576,133.9437,46132386
2024-02-20,GOOGL,133.2983,133.7886,129.1739,129.2817,80064757
2024-02-21,GOOGL,128.6154,128.8359,128.0728,128.8065,34694145
2024-02-22,GOOGL,128.22,128.5078,126.8067,126.9208,26902281
2024-02-23,GOOGL,127.3661,127.8916,126.8887,126.8948,44577915
2024-02-26,GOOGL,126.1234,127.2874,125.7753,126.4938,57360036
2024-02-27,GOOGL,126.433,127.0037,123.4001,124.5541,79155208
2024-02-28,GOOGL,123.9794,124.7074,121.6171,121.7579,28452430
2024-02-29,GOOGL,121.0764,121.2945,119.6472,119.6756,93386538
2024-03-01,GOOGL,119.5633,120.7938,119.4876,120.6606,93624728
2024-03-04,GOOGL,119.6834,123.2059,119.1999,122.1213,22890587
2024-03-05,GOOGL,121.4981,125.2055,121.4497,124.297,31663350
2024-03-06,GOOGL,124.6178,127.8333,124.1738,127.6485,86070098
2024-03-07,GOOGL,127.4575,128.1887,126.4114,127.6704,91396038
2024-03-08,GOOGL,127.0826,130.2827,126.7559,129.846,98541705
2024-03-11,GOOGL,130.6573,131.038,130.273,130.708,83211213
2024-03-12,GOOGL,129.5423,131.4198,129.2515,131.3761,12420297
2024-03-13,GOOGL,132.4809,133.3895,128.1397,128.854,16796806
2024-03-14,GOOGL,128.8618,131.569,128.2982,131.4645,89551848
2024-03-15,GOOGL,131.5042,132.9324,131.4773,132.2474,92795772
2024-03-18,,132.8386,135.8193,132.707,135.8132,6575081
2024-03-19,GOOGL,135.6754,136.4913,135.5934,135.9033,73553158
2024-03-20,GOOGL,136.2507,136.4634,132.3832,133.3544,9799371
2024-03-21,GOOGL,134.0183,134.5834,132.5618,133.109,84707922
2024-03-22,GOOGL,132.3878,132.5713,131.2198,131.4218,29098128
2024-03-25,GOOGL,132.1446,134.029,131.4905,133.9595,19229528
2024-01-02,BARC,1.5484,1.5586,1.5469,1.5551,44830876
2024-01-03,BARC,1.5502,1.5521,1.5408,1.5433,20201310
2024-01-04,BARC,1.5345,1.5526,1.5256,1.5496,69845251
2024-01-05,BARC,1.5332,1.5448,1.5224,1.5226,66359301
2024-01-08,BARC,1.5319,1.5481,1.5175,1.5199,41010006
2024-01-09,BARC,1.5114,1.5578,1.5068,1.5555,86813951
2024-01-10,BARC,1.5666,1.5781,1.5458,1.5479,80819256
2024-01-11,BARC,1.5482,1.603,1.5476,1.5921,64730454
2024-01-12,BARC,1.6174,1.6229,1.5964,1.6009,42489839
2024-01-15,BARC,1.598,1.6273,1.5922,1.6241,37113565
2024-01-16,BARC,1.6243,1.6331,1.6215,1.6309,40834568
2024-01-17,BARC,1.6364,1.6428,1.5741,1.5835,49923587
2024-01-18,BARC,1.578,1.5908,1.5695,1.5855,76582933
2024-01-19,BARC,1.5809,1.5812,1.5741,1.5759,5815262
2024-01-22,BARC,1.5764,1.6049,1.564,1.593,50741677
2024-01-23,BARC,1.5912,1.5933,1.591,1.5927,78404039
2024-01-24,BARC,1.5838,1.6228,1.5769,1.6153,90655976
2024-01-25,BARC,1.6254,1.6282,1.6062,1.6223,82566939
2024-01-26,BARC,1.6178,1.6204,1.6018,1.602,85350710
2024-01-29,BARC,1.6105,1.6148,1.589,1.5946,75282154
2024-01-30,BARC,1.5977,1.5983,1.5569,1.5578,33123121
2024-01-31,BARC,1.553,1.6078,1.5516,1.5949,74039901
2024-02-01,BARC,1.5864,1.6014,1.5838,1.5966,14537586
2024-02-02,BARC,1.5916,1.6162,1.5843,1.6099,59559198
2024-02-05,BARC,1.6142,1.623,1.5746,1.5867,88084638
2024-02-06,BARC,1.5798,1.5805,1.5755,1.5791,36198393
2024-02-07,BARC,1.5778,1.6263,1.5763,1.6237,54177844
2024-02-08,BARC,1.6237,1.6284,1.6162,1.6255,84258531
2024-02-09,BARC,1.6303,1.6406,1.6297,1.6331,95554524
2024-02-12,BARC,1.6401,1.6575,1.6344,1.6561,91965324
2024-02-13,BARC,1.6585,1.6883,1.6563,1.6859,62772275
2024-02-14,BARC,1.6892,1.7138,1.6002,1.6118,84725081
2024-02-15,BARC,1.6024,1.628,1.5936,1.6234,19523326
2024-02-16,BARC,1.6416,1.6416,1.6089,1.6116,83596354
2024-02-19,BARC,1.6035,1.6155,1.6033,1.6147,25135688
2024-02-20,BARC,1.6127,1.6175,1.5757,1.5817,80798538
2024-02-21,,1.5808,1.5823,1.5711,1.575,17257855
2024-02-22,BARC,1.5668,1.5737,1.5488,1.5514,67532126
2024-02-23,BARC,1.555,1.5712,1.5535,1.5617,61971058
2024-02-26,BARC,1.5646,1.5829,1.5558,1.5789,32518008
2024-02-27,BARC,1.5751,1.5806,1.5624,1.5718,89786330
2024-02-28,BARC,1.5821,1.6147,1.5799,1.6141,19203985
2024-02-29,BARC,1.6151,1.6223,1.6147,1.617,73379340
2024-03-01,BARC,1.6136,1.6177,1.5993,1.5993,83587210
2024-03-04,BARC,1.5963,1.6202,1.5939,1.6154,13713749
2024-03-05,BARC,1.627,1.6303,1.5748,1.5855,76368386
2024-03-06,BARC,1.5859,1.5876,1.559,1.5612,28434635
2024-03-07,BARC,1.5638,1.5777,1.5613,1.5757,96255102
2024-03-08,BARC,1.5728,1.5866,1.5256,1.5259,56497508
2024-03-11,BARC,1.5338,1.5411,1.5245,1.5258,46835764
2024-03-12,BARC,1.5217,1.5369,1.5157,1.5369,70115633
2024-03-13,BARC,1.5431,1.5472,1.5181,1.524,86378266
2024-03-14,BARC,1.5248,1.5446,1.5195,1.54,56732098
2024-03-15,BARC,1.5441,1.55,1.5249,1.5276,6985825
2024-03-18,BARC,1.5284,1.5433,1.5145,1.5229,75774194
2024-03-19,BARC,1.524,1.559,1.5233,1.5565,48868824
2024-03-20,BARC,1.5678,1.5707,1.5459,1.5529,60666330
2024-03-21,BARC,1.5524,1.5591,1.5351,1.5379,17758730
2024-03-22,BARC,1.5364,1.5432,1.5347,1.5361,84721517
2024-03-25,BARC,1.5291,1.5305,1.4913,1.4994,43102765
2024-01-02,HSBC,6.3452,6.3514,6.2408,6.2446,63868509
2024-01-03,HSBC,6.2465,6.2878,6.2363,6.2851,47996204
2024-01-04,HSBC,6.3056,6.3126,6.1246,6.1396,15625256
2024-01-05,HSBC,6.164,6.1684,6.1242,6.1403,7257922
2024-01-08,HSBC,6.1888,6.201,6.1103,6.1342,99945081
2024-01-09,HSBC,6.1688,6.2635,6.1541,6.2484,40029992
2024-01-10,HSBC,6.2703,6.3042,6.1257,6.1456,68865120
2024-01-11,HSBC,6.1714,6.3023,6.1647,6.2658,20902135
2024-01-12,HSBC,6.269,6.2709,6.2147,6.2432,51669457
2024-01-15,HSBC,6.2542,6.2788,6.1981,6.2093,26536121
2024-01-16,HSBC,6.202,6.2066,6.1328,6.1395,5049280
2024-01-17,HSBC,6.1365,6.3086,6.085,6.3026,30499261
2024-01-18,HSBC,6.281,6.3158,6.2736,6.2777,83196837
2024-01-19,HSBC,6.2797,6.4,6.2775,6.3991,56185188
2024-01-22,HSBC,6.3249,6.6153,6.311,6.5641,76275268
2024-01-23,HSBC,6.5867,6.5991,6.5554,6.5655,20416998
2024-01-24,HSBC,6.5715,6.6922,6.5644,6.6669,21657918
2024-01-25,HSBC,6.6902,6.6932,6.6108,6.6108,95532688
2024-01-26,HSBC,6.5639,6.3582,6.5953,6.3678,97681586
2024-01-29,HSBC,6.3198,6.3685,6.2978,6.3434,41475725
2024-01-30,HSBC,6.3304,6.5241,6.3012,6.5149,83711957
2024-01-31,HSBC,6.5111,6.5371,6.3262,6.3284,14862466
2024-02-01,HSBC,6.3331,6.3424,6.2455,6.2561,83528091
2024-02-02,HSBC,6.2828,6.3028,6.1163,6.1322,39420753
2024-02-05,HSBC,6.1225,6.1314,5.9905,6.0056,5101409
2024-02-06,HSBC,6.0516,6.0758,5.9867,5.9929,50093114
2024-02-07,HSBC,6.0516,6.1961,6.0294,6.1667,10651235
2024-02-08,HSBC,6.1341,6.3367,6.1221,6.304,54536996
2024-02-09,HSBC,6.2835,6.3114,6.2656,6.2944,21733138
2024-02-12,HSBC,6.3662,6.3737,6.189,6.2113,44775722
2024-02-13,HSBC,6.1892,6.2599,6.1549,6.194,24512078
2024-02-14,HSBC,6.1243,6.1539,5.9929,6.0258,96449260
2024-02-15,HSBC,6.0382,6.1613,6.0164,6.1424,76655793
2024-02-16,HSBC,6.1648,6.2049,6.1511,6.1907,91997307
2024-02-19,HSBC,6.1559,6.1853,6.1375,6.1397,81588141
2024-02-20,HSBC,6.1153,6.1704,6.1013,6.1698,25601570
2024-02-21,HSBC,6.2092,6.3381,6.1676,6.3134,23354790
2024-02-22,HSBC,6.3464,6.3481,6.2527,6.2631,81195593
2024-02-23,HSBC,6.2143,6.2712,6.1763,6.247,93614063
2024-02-26,HSBC,6.2564,6.2746,6.1566,6.1723,97172393
2024-02-27,HSBC,6.226,6.2379,6.1441,6.1688,37844426
2024-02-28,HSBC,6.1933,6.2043,6.1766,6.1778,55581068
2024-02-29,HSBC,6.1982,6.2143,6.0856,6.1003,29455124
2024-03-01,HSBC,6.1445,6.2501,6.1354,6.2409,92525640
2024-03-04,HSBC,6.2222,6.2836,6.2131,6.2431,60002864
2024-03-05,HSBC,6.2804,6.3346,6.1724,6.2227,24292697
2024-03-06,HSBC,6.2305,6.2635,6.2278,6.2284,49246956
not-a-date,HSBC,6.254,6.4198,6.2431,6.4155,46299534
2024-03-08,HSBC,6.4238,6.4455,6.1702,6.2106,78616250
2024-03-11,HSBC,6.1747,6.1987,6.1477,6.149,60062959
2024-03-12,HSBC,6.1679,6.1864,5.908,5.9142,40574073
2024-03-13,HSBC,5.8847,5.9139,5.6284,5.6941,17139023
2024-03-14,HSBC,5.717,5.7324,5.5841,5.5933,44673832
2024-03-15,HSBC,5.6447,5.6492,5.6323,5.6408,53115064
2024-03-18,HSBC,5.6193,5.7541,5.6188,5.7415,49049192
2024-03-19,HSBC,5.748,5.7703,5.6002,5.6069,93491430
2024-03-20,HSBC,5.6277,5.6698,5.5724,5.5965,25361008
2024-03-21,HSBC,5.604,5.6793,5.5624,5.67,28290912
2024-03-22,HSBC,5.7469,5.7517,5.7079,5.726,12669851
2024-03-25,HSBC,5.7386,5.7748,5.7149,5.7627,50460133
2024-01-02,BP,4.6828,4.7403,4.6807,4.723,96077214
2024-01-03,BP,4.7363,4.7607,4.6985,4.7051,5449886
2024-01-04,BP,4.6963,4.7476,4.6886,4.738,84297228
2024-01-05,BP,4.7291,4.7464,4.6871,4.72,32434259
2024-01-08,BP,4.7289,4.7502,4.668,4.6931,34512147
2024-01-09,BP,4.7156,4.8092,4.7001,4.7808,63815517
2024-01-10,BP,4.7802,4.7872,4.655,4.6657,85004692
2024-01-11,BP,4.6725,4.7056,4.6496,4.6781,77601194
2024-01-12,BP,4.6742,4.654,4.707,4.6558,50879146
2024-01-15,BP,4.6305,4.7493,4.6134,4.743,23395049
2024-01-16,BP,4.7301,4.8569,4.6946,4.8481,93415026
2024-01-17,BP,4.8627,4.9871,4.8516,4.9835,87756950
2024-01-18,BP,4.9755,5.076,4.9657,5.0719,97833309
2024-01-19,BP,5.0896,5.0948,5.0145,5.0278,67708520
2024-01-22,BP,5.0172,5.1113,4.9857,5.0665,64469007
2024-01-23,BP,5.1011,5.1796,5.0559,5.1623,43679936
2024-01-24,BP,5.163,5.242,5.1587,5.2375,46594948
2024-01-25,BP,5.2742,5.278,5.2491,5.2682,20398921
2024-01-26,BP,5.2854,5.3567,5.2797,5.341,46302175
2024-01-29,BP,5.3178,5.3527,5.2615,5.2666,7990286
2024-01-30,BP,5.1887,5.2581,5.1651,5.2318,53278326
2024-01-31,BP,5.2412,5.2703,5.1495,5.1796,73369626
2024-02-01,BP,5.2399,5.2713,5.1958,5.2022,65572853
2024-02-02,BP,5.1937,5.2043,5.1537,5.1559,76023046
2024-02-05,BP,5.1529,5.3168,5.1511,5.2693,79266919
2024-02-06,BP,5.2788,5.4308,5.2635,5.4105,71966041
2024-02-07,BP,5.4372,5.4486,5.4094,5.4478,40236670
2024-02-08,BP,5.4089,5.4474,5.3342,,41749440
2024-02-09,BP,5.2763,5.3396,5.2728,5.3355,23865448
2024-02-12,BP,5.2967,5.5116,5.2603,5.5033,42540311
2024-02-13,BP,5.5064,5.5571,5.4893,5.5498,32676298
2024-02-14,BP,5.5742,5.6046,5.4751,5.4824,41962605
15-03-2024,BP,5.4818,5.4954,5.4082,5.4317,30975821
2024-02-16,BP,5.4017,5.4099,5.3767,5.4029,15355995
2024-02-19,BP,5.3876,5.4011,5.2785,5.3072,82431944
2024-02-20,BP,5.3015,5.344,5.2568,5.3335,91439770
2024-02-21,BP,5.337,5.4947,5.3253,5.4933,76419167
2024-02-22,BP,5.4384,5.604,5.4338,5.5671,10608724
2024-02-23,BP,5.5583,5.7197,5.53,5.6766,93350317
2024-02-26,BP,5.67,5.6742,5.4328,5.4425,39085509
2024-02-27,BP,5.4378,5.5868,5.4244,5.5403,48788482
2024-02-28,BP,5.5489,5.6082,5.5231,5.5865,99003664
2024-02-29,BP,5.6074,5.6451,5.4853,5.5061,15322424
2024-03-01,BP,5.4989,5.6498,5.4937,5.6313,76154888
2024-03-04,BP,5.6247,5.7866,5.6066,5.7465,30468084
2024-03-05,BP,5.7579,5.8301,5.7412,5.794,64791524
2024-03-06,BP,5.7542,5.7768,5.7373,5.7623,95182884
2024-03-07,BP,5.7856,5.8323,5.7765,5.829,78093726
2024-03-08,BP,5.7955,5.8175,5.7428,5.7576,18305263
2024-03-11,BP,5.7622,5.779,5.6205,5.6571,71455272
2024-03-12,BP,5.6667,5.667,5.6055,5.6384,29038301
2024-03-13,BP,5.6392,5.6625,5.4817,5.5316,88881288
2024-03-14,BP,5.5274,5.6425,5.5119,5.6304,8671209
2024-03-15,BP,5.5847,5.6731,5.5635,5.6203,21416366
2024-03-18,BP,5.5813,5.6136,5.5774,5.5819,23572103
2024-03-19,BP,5.5924,5.6025,5.5136,5.5208,28097460
2024-03-20,BP,5.4913,5.6527,5.4663,5.6514,92717961
2024-03-21,,5.6113,5.7657,5.5806,5.7586,27608545
2024-03-22,BP,5.7524,5.7844,5.7457,5.7755,32495822
not-a-date,BP,5.7743,5.7761,5.738,5.7536,53775096
2024-01-02,LLOY,0.4757,0.5016,0.4743,0.501,43194540
2024-01-03,LLOY,0.5011,0.5068,0.4987,0.5053,42309282
2024-01-04,LLOY,0.4994,0.5171,0.4986,0.5139,92152580
2024-01-05,LLOY,0.5108,0.5239,0.5105,0.5222,62240809
2024-01-08,LLOY,0.525,0.5287,0.5224,0.5244,17187859
2024-01-09,LLOY,0.5239,0.5276,0.5228,0.5245,20317978
Jan 2 2024,LLOY,0.5262,0.5293,0.5208,0.5209,76188521
2024-01-11,LLOY,0.5239,0.5243,0.5185,0.5199,96295605
2024-01-12,LLOY,0.5213,0.5307,0.5208,0.5299,91749606
2024-01-15,LLOY,0.5309,0.5346,0.5158,0.5174,82348834
2024-01-16,LLOY,0.5146,0.5361,0.5108,0.5359,92196699
2024-01-17,LLOY,0.5341,0.546,0.5341,0.5455,14245839
2024-01-18,LLOY,0.5453,0.5488,0.5395,0.5398,31984874
2024-01-19,LLOY,0.5392,0.5469,0.537,0.5434,32943277
2024-01-22,LLOY,0.5427,0.5459,0.5353,0.5375,67555672
2024-01-23,LLOY,0.5408,0.5422,0.5318,0.5332,82733784
2024-01-24,LLOY,0.5328,0.537,0.5317,0.5352,87184522
2024-01-25,LLOY,-0.5315,0.5326,0.5199,0.5225,57027192
2024-01-26,LLOY,0.5287,0.5324,0.5185,0.5189,55472811
2024-01-29,LLOY,0.5176,0.5179,0.5053,,93161821
2024-01-30,LLOY,0.509,0.5252,0.5069,0.5247,55503227
2024-01-31,LLOY,0.5231,0.5282,0.5218,0.5234,17207074
2024-02-01,LLOY,0.5237,0.5249,0.5143,0.5154,18397593
2024-02-02,LLOY,0.512,0.5223,0.5091,0.5201,41140380
2024-02-05,LLOY,0.5231,0.5353,0.5211,0.5351,11773930
2024-02-06,LLOY,0.5353,0.5354,0.5307,0.5309,34215643
2024-02-07,LLOY,0.527,0.5303,0.5251,0.5292,65654415
2024-02-08,LLOY,0.5287,0.5304,0.5181,0.5183,45083150
2024-02-09,LLOY,0.5196,0.5325,0.5182,0.5298,-19585496
2024-02-12,LLOY,0.5283,0.5289,0.5226,0.5236,76503192
2024-02-13,LLOY,0.522,0.5234,0.5164,0.5176,25579124
2024-02-14,LLOY,0.5192,0.5296,0.5145,0.5261,19736510
2024-02-15,LLOY,0.523,0.5283,0.5217,0.5266,64236905
2024-02-16,LLOY,0.5239,0.5242,0.5157,0.5183,99628386
2024-02-19,LLOY,0.5256,0.5265,0.511,0.5112,26124953
2024-02-20,LLOY,0.5155,0.5178,0.5006,0.5012,93329663
2024-02-21,LLOY,0.4984,0.5057,0.4968,0.5028,51722195
2024-02-22,LLOY,0.4967,0.5055,0.4953,0.5035,57951597
2024-02-23,LLOY,0.4995,0.5125,0.4975,0.5119,49490450
2024-02-26,LLOY,0.5119,0.5124,0.4986,0.4992,56181231
2024-02-27,LLOY,0.4984,0.4986,0.4956,0.4967,74679312
2024-02-28,LLOY,0.4966,0.4975,0.4928,0.4934,34266109
2024-02-29,LLOY,0.4887,0.4951,0.4887,0.4941,44164566
2024-03-01,LLOY,0.4965,0.5003,0.4905,0.4944,73926848
2024-03-04,LLOY,0.4948,0.4957,0.493,0.4944,32254779
2024-03-05,LLOY,0.4956,0.5018,0.4914,0.5013,43188061
2024-03-06,LLOY,0.5029,0.5122,0.5015,0.5105,93628678
2024-03-07,LLOY,0.5144,0.5188,0.514,0.517,60274660
2024-03-08,LLOY,0.5142,0.5184,0.513,0.5175,80852592
2024-03-11,LLOY,0.5181,0.5187,0.515,0.5182,81735373
2024-03-12,LLOY,0.5182,0.52,0.5105,0.5136,36687242
2024-03-13,LLOY,0.5084,0.5084,0.5012,0.5035,21800586
2024-03-14,,0.5019,0.509,0.5013,0.5085,7009821
2024-03-15,LLOY,0.5097,0.515,0.5094,0.5136,7112160
2024-03-18,LLOY,0.5101,0.518,0.5078,0.5167,-85635250
2024-03-19,LLOY,0.5193,0.5282,0.519,0.5276,57075099
2024-03-20,LLOY,0.5266,0.5335,0.5248,0.533,21967396
2024-03-21,LLOY,0.5313,0.5339,0.5262,0.5285,87767664
2024-03-22,LLOY,0.5333,0.5373,0.5298,0.5343,51936042
2024-03-25,LLOY,0.5381,0.5411,0.5379,0.5401,35912404
2024-01-02,VOD,0.6963,0.7034,0.6919,0.7028,46721958
2024-01-03,VOD,0.7064,0.7107,0.7032,0.7085,71011878
2024-01-04,VOD,0.7065,0.7109,0.7044,0.7057,28328773
2024-01-05,VOD,0.7019,0.7035,0.6979,0.7009,62815701
2024-01-08,VOD,0.7031,0.7064,0.6995,0.6996,93309426
2024-01-09,VOD,0.6979,0.7023,0.6957,0.7011,23185939
2024-01-10,VOD,0.6909,0.7102,0.6823,0.7069,57280733
2024-01-11,VOD,0.7105,0.7114,0.6962,0.7004,72341214
2024-01-12,VOD,0.6937,0.7143,0.6935,0.7112,12126644
2024-01-15,VOD,0.7091,0.712,0.696,0.6984,97149779
2024-01-16,VOD,0.697,0.6994,0.6768,0.6804,21606701
2024-01-17,VOD,0.6859,0.686,0.6635,0.6667,79603983
2024-01-18,VOD,0.6624,0.6627,0.6554,0.6586,27961461
2024-01-19,VOD,0.6574,0.6621,0.6351,0.6371,86476806
2024-01-22,VOD,0.6435,0.6436,0.6281,0.6288,37274915
2024-01-23,VOD,0.6267,0.6273,0.6094,0.612,8351715
2024-01-24,VOD,0.6111,0.6126,0.6006,0.601,47407001
2024-01-25,VOD,0.6002,0.6007,0.5934,0.5952,17606362
2024-01-26,VOD,0.5949,0.5984,0.593,0.5973,9500388
2024-01-29,VOD,0.5964,0.5967,0.5912,0.5952,34082634
2024-01-30,VOD,0.5896,0.6026,0.5858,0.6021,40503210
2024-01-31,VOD,0.6026,0.6079,0.6025,0.6065,85454191
2024-02-01,VOD,0.6056,0.6061,0.5975,0.5994,55391912
2024-02-02,VOD,0.5953,0.5962,0.5908,0.5921,35839118
2024-02-05,VOD,0.5924,0.6016,0.5916,0.6007,7115537
2024-02-06,VOD,0.5991,0.6052,0.598,0.5999,-39813239
2024-02-07,VOD,0.6006,0.6071,0.5979,0.6038,47269087
2024-02-08,VOD,0.6004,0.6058,0.5989,0.6029,5299234
2024-02-09,VOD,0.6049,0.619,0.6011,0.619,50580857
2024-02-12,VOD,0.6189,0.6221,0.6175,0.6205,5796253
2024-02-13,VOD,0.618,0.6209,0.6178,0.6206,93360024
2024-02-14,VOD,0.616,0.6174,0.6017,0.6082,86953251
2024-02-15,VOD,0.6122,0.6134,0.6022,0.6038,42039499
2024-02-16,VOD,0.6042,0.6059,0.5991,0.6002,48923142
2024-02-19,VOD,0.6011,0.6033,0.5897,0.5913,22225538
2024-02-20,VOD,0.589,0.6115,0.5867,0.6083,10291971
2024-02-21,VOD,0.6086,0.6156,0.6067,0.6128,59335309
2024-02-22,VOD,0.6164,0.6234,0.6007,0.6016,33183659
2024-02-23,VOD,0.5961,0.5986,0.5935,0.5971,81659701
2024-02-26,VOD,0.6023,0.6029,0.5832,0.5842,83413595
2024-02-27,VOD,0.587,0.587,0.5814,0.5826,55658731
2024-02-28,VOD,0.5816,0.5849,0.5763,0.5809,36884501
2024-02-29,VOD,0.5772,0.5815,0.5771,0.5814,31021086
2024-03-01,VOD,0.5788,0.5797,0.5617,0.5626,26465440
2024-03-04,VOD,0.5655,0.5672,0.5637,0.564,24200858
2024-03-05,VOD,0.5622,0.5632,0.5596,0.56,74674641
2024-03-06,VOD,0.5623,0.5625,0.5593,0.5611,85205873
2024-03-07,VOD,0.5588,0.5725,0.5554,0.5684,47322289
2024-03-08,VOD,0.5664,0.5682,0.5532,0.5538,78158618
2024-03-11,VOD,0.5577,0.56,0.5478,0.5496,76436476
2024-03-12,VOD,0.5509,0.5548,0.5505,0.5528,31212764
2024-03-13,VOD,0.5521,0.557,0.5518,0.5568,86805155
2024-03-14,VOD,0.5584,0.5634,0.5566,0.5633,89905597
2024-03-15,VOD,0.5632,0.5643,0.5582,0.5639,62796567
2024-03-18,VOD,0.5669,0.5677,0.5616,0.5674,58750070
2024-03-19,VOD,0.5684,0.5702,0.5634,0.5642,93025097
2024-03-20,VOD,0.5651,0.5742,0.5649,0.5714,55013708
2024-03-21,VOD,0.5791,0.58,0.5669,0.5685,29721853
2024-03-22,VOD,0.5712,0.572,0.5602,0.5605,10590611
2024-03-25,VOD,0.5625,0.5644,0.5575,0.56,29817508
